absolute_path,relative_path,file_name,extension,size_bytes,modified_time
D:/GitHub/us-bank-stress-test-dfast-replication/docs/regulatory_framework/source_documents/ecfr/ecfr_12_cfr_part_252_regulation_yy.html,docs/regulatory_framework/source_documents/ecfr/ecfr_12_cfr_part_252_regulation_yy.html,ecfr_12_cfr_part_252_regulation_yy.html,html,10596,2026-06-29 18:37:18
D:/GitHub/us-bank-stress-test-dfast-replication/docs/regulatory_framework/source_documents/federal_reserve/fed_2026_Detailed_Nine_Quarter_Paths_dictionary.pdf,docs/regulatory_framework/source_documents/federal_reserve/fed_2026_Detailed_Nine_Quarter_Paths_dictionary.pdf,fed_2026_Detailed_Nine_Quarter_Paths_dictionary.pdf,pdf,81196,2026-06-29 18:36:22
D:/GitHub/us-bank-stress-test-dfast-replication/docs/regulatory_framework/source_documents/federal_reserve/fed_2026_aggregation_models.pdf,docs/regulatory_framework/source_documents/federal_reserve/fed_2026_aggregation_models.pdf,fed_2026_aggregation_models.pdf,pdf,81196,2026-06-29 18:23:44
D:/GitHub/us-bank-stress-test-dfast-replication/docs/regulatory_framework/source_documents/federal_reserve/fed_2026_credit_risk_models.pdf,docs/regulatory_framework/source_documents/federal_reserve/fed_2026_credit_risk_models.pdf,fed_2026_credit_risk_models.pdf,pdf,3274121,2026-06-29 18:36:32
D:/GitHub/us-bank-stress-test-dfast-replication/docs/regulatory_framework/source_documents/federal_reserve/fed_2026_detailed_nine_quarter_paths_dictionary_attempt_01.pdf,docs/regulatory_framework/source_documents/federal_reserve/fed_2026_detailed_nine_quarter_paths_dictionary_attempt_01.pdf,fed_2026_detailed_nine_quarter_paths_dictionary_attempt_01.pdf,pdf,81196,2026-06-29 18:41:56
D:/GitHub/us-bank-stress-test-dfast-replication/docs/regulatory_framework/source_documents/federal_reserve/fed_2026_dfast_results.pdf,docs/regulatory_framework/source_documents/federal_reserve/fed_2026_dfast_results.pdf,fed_2026_dfast_results.pdf,pdf,2099540,2026-06-29 18:36:22
D:/GitHub/us-bank-stress-test-dfast-replication/docs/regulatory_framework/source_documents/federal_reserve/fed_2026_final_supervisory_stress_test_scenarios.pdf,docs/regulatory_framework/source_documents/federal_reserve/fed_2026_final_supervisory_stress_test_scenarios.pdf,fed_2026_final_supervisory_stress_test_scenarios.pdf,pdf,1862605,2026-06-29 18:36:06
D:/GitHub/us-bank-stress-test-dfast-replication/docs/regulatory_framework/source_documents/federal_reserve/fed_2026_global_market_shock_model.pdf,docs/regulatory_framework/source_documents/federal_reserve/fed_2026_global_market_shock_model.pdf,fed_2026_global_market_shock_model.pdf,pdf,938697,2026-06-29 18:36:54
D:/GitHub/us-bank-stress-test-dfast-replication/docs/regulatory_framework/source_documents/federal_reserve/fed_2026_macroeconomic_model_guide.pdf,docs/regulatory_framework/source_documents/federal_reserve/fed_2026_macroeconomic_model_guide.pdf,fed_2026_macroeconomic_model_guide.pdf,pdf,2957856,2026-06-29 18:37:14
D:/GitHub/us-bank-stress-test-dfast-replication/docs/regulatory_framework/source_documents/federal_reserve/fed_2026_market_risk_models.pdf,docs/regulatory_framework/source_documents/federal_reserve/fed_2026_market_risk_models.pdf,fed_2026_market_risk_models.pdf,pdf,2280184,2026-06-29 18:36:46
D:/GitHub/us-bank-stress-test-dfast-replication/docs/regulatory_framework/source_documents/federal_reserve/fed_2026_operational_risk_model.pdf,docs/regulatory_framework/source_documents/federal_reserve/fed_2026_operational_risk_model.pdf,fed_2026_operational_risk_model.pdf,pdf,81196,2026-06-29 18:23:42
D:/GitHub/us-bank-stress-test-dfast-replication/docs/regulatory_framework/source_documents/federal_reserve/fed_2026_ppnr_models.pdf,docs/regulatory_framework/source_documents/federal_reserve/fed_2026_ppnr_models.pdf,fed_2026_ppnr_models.pdf,pdf,81196,2026-06-29 18:23:44
D:/GitHub/us-bank-stress-test-dfast-replication/docs/regulatory_framework/source_documents/federal_reserve/fed_2026_stress_test_scenarios.html,docs/regulatory_framework/source_documents/federal_reserve/fed_2026_stress_test_scenarios.html,fed_2026_stress_test_scenarios.html,html,419768,2026-06-29 18:36:00
D:/GitHub/us-bank-stress-test-dfast-replication/docs/regulatory_framework/source_documents/federal_reserve/fed_2026_supervisory_stress_test_methodology.pdf,docs/regulatory_framework/source_documents/federal_reserve/fed_2026_supervisory_stress_test_methodology.pdf,fed_2026_supervisory_stress_test_methodology.pdf,pdf,1062787,2026-06-29 18:36:12
D:/GitHub/us-bank-stress-test-dfast-replication/docs/regulatory_framework/source_documents/federal_reserve/fed_2026_supervisory_stress_test_models_glossary.pdf,docs/regulatory_framework/source_documents/federal_reserve/fed_2026_supervisory_stress_test_models_glossary.pdf,fed_2026_supervisory_stress_test_models_glossary.pdf,pdf,81196,2026-06-29 18:23:44
D:/GitHub/us-bank-stress-test-dfast-replication/docs/regulatory_framework/source_documents/federal_reserve/fed_annual_large_bank_capital_requirements_page.html,docs/regulatory_framework/source_documents/federal_reserve/fed_annual_large_bank_capital_requirements_page.html,fed_annual_large_bank_capital_requirements_page.html,html,80538,2026-06-29 18:41:58
D:/GitHub/us-bank-stress-test-dfast-replication/docs/regulatory_framework/source_documents/federal_reserve/fed_detailed_nine_quarter_path_data_dictionary_attempt_03.pdf,docs/regulatory_framework/source_documents/federal_reserve/fed_detailed_nine_quarter_path_data_dictionary_attempt_03.pdf,fed_detailed_nine_quarter_path_data_dictionary_attempt_03.pdf,pdf,81196,2026-06-29 18:41:58
D:/GitHub/us-bank-stress-test-dfast-replication/docs/regulatory_framework/source_documents/federal_reserve/fed_detailed_nine_quarter_path_data_dictionary_december_2025.pdf,docs/regulatory_framework/source_documents/federal_reserve/fed_detailed_nine_quarter_path_data_dictionary_december_2025.pdf,fed_detailed_nine_quarter_path_data_dictionary_december_2025.pdf,pdf,193564,2026-06-29 18:41:56
D:/GitHub/us-bank-stress-test-dfast-replication/docs/regulatory_framework/source_documents/federal_reserve/fed_dfast_2026_page.html,docs/regulatory_framework/source_documents/federal_reserve/fed_dfast_2026_page.html,fed_dfast_2026_page.html,html,85726,2026-06-29 18:36:00
D:/GitHub/us-bank-stress-test-dfast-replication/docs/regulatory_framework/source_documents/federal_reserve/fed_large_bank_capital_requirements_20250627.pdf,docs/regulatory_framework/source_documents/federal_reserve/fed_large_bank_capital_requirements_20250627.pdf,fed_large_bank_capital_requirements_20250627.pdf,pdf,81196,2026-06-29 18:37:14
D:/GitHub/us-bank-stress-test-dfast-replication/docs/regulatory_framework/source_documents/federal_reserve/fed_large_bank_capital_requirements_20250829.pdf,docs/regulatory_framework/source_documents/federal_reserve/fed_large_bank_capital_requirements_20250829.pdf,fed_large_bank_capital_requirements_20250829.pdf,pdf,1114610,2026-06-29 18:42:00
D:/GitHub/us-bank-stress-test-dfast-replication/docs/regulatory_framework/source_documents/federal_reserve/fed_large_bank_capital_requirements_20250930.pdf,docs/regulatory_framework/source_documents/federal_reserve/fed_large_bank_capital_requirements_20250930.pdf,fed_large_bank_capital_requirements_20250930.pdf,pdf,81196,2026-06-29 18:42:04
D:/GitHub/us-bank-stress-test-dfast-replication/docs/regulatory_framework/source_documents/federal_reserve/fed_large_bank_capital_requirements_20260624.pdf,docs/regulatory_framework/source_documents/federal_reserve/fed_large_bank_capital_requirements_20260624.pdf,fed_large_bank_capital_requirements_20260624.pdf,pdf,1099870,2026-06-29 18:42:04
D:/GitHub/us-bank-stress-test-dfast-replication/docs/regulatory_framework/source_documents/federal_reserve/fed_public_results_DFAST_2026_dictionary.pdf,docs/regulatory_framework/source_documents/federal_reserve/fed_public_results_DFAST_2026_dictionary.pdf,fed_public_results_DFAST_2026_dictionary.pdf,pdf,81196,2026-06-29 18:36:22
D:/GitHub/us-bank-stress-test-dfast-replication/docs/regulatory_framework/source_documents/federal_reserve/fed_public_results_DFAST_2026_dictionary_attempt_01.pdf,docs/regulatory_framework/source_documents/federal_reserve/fed_public_results_DFAST_2026_dictionary_attempt_01.pdf,fed_public_results_DFAST_2026_dictionary_attempt_01.pdf,pdf,81196,2026-06-29 18:41:54
D:/GitHub/us-bank-stress-test-dfast-replication/docs/regulatory_framework/source_documents/federal_reserve/fed_public_results_DFAST_2026_dictionary_attempt_02.pdf,docs/regulatory_framework/source_documents/federal_reserve/fed_public_results_DFAST_2026_dictionary_attempt_02.pdf,fed_public_results_DFAST_2026_dictionary_attempt_02.pdf,pdf,81196,2026-06-29 18:41:54
D:/GitHub/us-bank-stress-test-dfast-replication/docs/regulatory_framework/source_documents/federal_reserve/fed_stress_test_results_data_dictionary_attempt_03.pdf,docs/regulatory_framework/source_documents/federal_reserve/fed_stress_test_results_data_dictionary_attempt_03.pdf,fed_stress_test_results_data_dictionary_attempt_03.pdf,pdf,81196,2026-06-29 18:41:54
D:/GitHub/us-bank-stress-test-dfast-replication/docs/regulatory_framework/source_documents/ffiec/ffiec_bulk_call_reports.html,docs/regulatory_framework/source_documents/ffiec/ffiec_bulk_call_reports.html,ffiec_bulk_call_reports.html,html,27784,2026-06-29 18:37:26
D:/GitHub/us-bank-stress-test-dfast-replication/docs/regulatory_framework/source_documents/sec/sec_edgar_application_programming_interfaces.html,docs/regulatory_framework/source_documents/sec/sec_edgar_application_programming_interfaces.html,sec_edgar_application_programming_interfaces.html,html,68391,2026-06-29 18:37:22
